id	claim
1	Every bounded sequence of real numbers has a convergent subsequence.
2	The measured electron magnetic moment agrees with quantum electrodynamics to better than one part in a trillion.
3	The rate constant of this ester hydrolysis doubles for every 10 °C rise between 20 and 50 °C.
4	Mitochondria in eukaryotic cells descend from an engulfed alphaproteobacterium.
5	The Alpine Fault has ruptured in large earthquakes roughly every 300 years over the last 8,000 years.
6	In adults with heart failure with reduced ejection fraction, dapagliflozin reduced cardiovascular death or worsening heart failure compared with placebo.
7	The bridge deck's mid-span deflection under the design truck load stays below span/800.
8	Quicksort runs in O(n log n) expected time on any input when pivots are chosen uniformly at random.
9	Retrieval practice improves delayed recall of word lists compared with restudy, in laboratory participants.
10	A 10% rise in the minimum wage reduced teen employment by less than 1% in the studied US counties.
11	Under IFRS 16, a lessee recognises a right-of-use asset and a lease liability for most leases.
12	A credible threat to retaliate deters attack only if the defender's commitment is visible to the challenger.
13	Countries using proportional representation have more parties in parliament on average than countries using single-member plurality.
14	Under the Contract and Commercial Law Act 2017, a contract induced by a misrepresentation may be cancelled by the misled party.
15	Knowledge is not simply justified true belief, because Gettier cases satisfy all three conditions without knowledge.
16	Te Tiriti o Waitangi was first signed at Waitangi on 6 February 1840.
17	Te reo Māori has a five-vowel system with contrastive vowel length.
18	The sonnet's volta in Petrarchan form falls between the octave and the sestet.
19	The Mishnah was redacted around 200 CE under Judah ha-Nasi, according to scholarly reconstruction.
20	Students taught fractions with number-line representations outperformed those taught with area models on a delayed transfer test.
21	Post-occupancy surveys show residents of the redesigned housing block report fewer overheating complaints.
22	Nitrogen fertiliser above 150 kg/ha gave no further ryegrass yield gain in the Waikato trials.
23	Dairy intensification increased nitrate concentrations in Canterbury groundwater between 1990 and 2020.
24	Recall on the TREC test collection fell when queries were restricted to title words.
25	Kaitiakitanga obliges mana whenua to guard the mauri of a river for future generations.
26	The equilibrium existence theorem for an exchange economy relies on Brouwer's fixed-point theorem.
27	A carbon tax of $50 per tonne would be borne mostly by consumers of electricity in the modelled market.
28	The importer must pay GST on goods at the border under the Goods and Services Tax Act 1985.
29	The firm's GST return for March shows output tax of $42,000 and input tax credits of $31,000.
30	By staying silent on price cuts, the incumbent turned a pricing game into a war of attrition its rival could not afford.
31	Medical students who practised diagnosis with spaced cases retained more after a year than those taught in blocks.
32	Spacing repetitions over time strengthens long-term memory consolidation in mice.
33	The hard problem of consciousness cannot be dissolved by functional explanation alone.
34	Patients with major depressive disorder show reduced hippocampal volume on average.
35	Bleaching of Great Barrier Reef corals in 2016 followed marine heatwaves linked to anthropogenic warming.
36	Ocean heat content rose between 1960 and 2020 according to Argo and ship measurements.
37	Radiocarbon dates place the first Polynesian settlement of Aotearoa around 1250–1300 CE.
38	The ¹⁴C half-life is 5,730 ± 40 years.
39	The P vs NP question is open.
40	This database schema guarantees serialisable transactions under the stated isolation level.
41	The bridge's design life is 100 years under the NZ Transport Agency bridge manual.
42	The building's atrium makes the entrance legible to first-time visitors.
43	Hokusai's Great Wave uses Prussian blue pigment.
44	Hokusai's Great Wave was sold in large numbers in Edo print shops in the 1830s.
45	Hokusai's Great Wave reframes Mount Fuji as small and stable against the threatening sea.
46	Aquinas argues that God's existence can be shown from motion in the world.
47	The cosmological argument fails because an infinite regress of causes is not incoherent.
48	Whakapapa recorded in a 1890s Native Land Court minute book names the founding ancestor of the hapū.
49	Possum control with aerial 1080 increased kererū nesting success in the treated forests.
50	The Dewey Decimal Classification files mathematics under 510.
