id	owner	cell	warrant	method	reason
1	MA	MA.O.A4	W1	M2	Bolzano-Weierstrass theorem on real continuum
2	PH	PH.O.A2	W4	M3	Precision measurement versus QED prediction
3	CH	CH.O.A4	W4	M3	Reaction rate temperature dependence measured
4	BI	BI.O.A4	W6	M6	Endosymbiotic descent via comparative phylogenetics
5	EA	EA.O.A2	W4	M3	Paleoseismic fault rupture record dated
6	MD	MD.O.A4	W3	M4	Randomised drug trial outcome
7	EN	EN.O.A1	W11	M7	Deflection checked against design specification
8	CS	CS.O.A2	W1	M2	Expected running-time proof
9	MS	MS.O.A1	W3	M4	Lab memory experiment, no educational arrangement
10	EC	EC.O.A2	W5	M3	Labour market effect identified observationally
11	BU	BU.O.A1	W12	M1	Accounting standard convention
12	ST	ST.O.A3	W9	M2	Deterrence logic between opposed wills
13	PO	PO.O.A2	W6	M6	Cross-national comparison of electoral institutions
14	LA	LA.O.A2	W10	M1	Statutory remedy for contract obligation
15	PL	PL.O.A2	W9	M2	Epistemology argument via counterexample
16	HI	HI.O.A1	W7	M6	Dated event from documentary sources
17	LN	LN.O.A1	W4	M3	Phonological vowel system description
18	AR	AR.O.A2	W12	M1	Conventional poetic form structure
19	HI	HI.O.A2	W7	M6	Dating redaction by source criticism
20	ED	ED.O.A3	W3	M4	Teaching method comparison in classrooms
21	DE	DE.O.A3	W4	M3	Building performance in use surveyed
22	AG	AG.O.A2	W3	M4	Fertiliser field trial on pasture
23	EV	EV.O.A1	W5	M3	Agricultural pressure on groundwater quality
24	IS	IS.O.A4	W3	M4	Retrieval experiment on test collection
25	IK	IK.O.A2	W13	M1	Customary obligation to land and waters
26	MA	MA.O.A1	W1	M2	Theorem dependency in proof
27	EC	EC.O.A5	W2	M5	Tax incidence modelled
28	LA	LA.O.A1	W10	M1	Statutory duty is legal
29	BU	BU.O.A5	W2	M5	Tax computation for firm
30	ST	ST.O.A2	W9	M6	Choice of game transformed
31	ED	ED.O.A3	W3	M4	Learning depends on curricular arrangement
32	MS	MS.O.A2	W3	M4	Memory consolidation in animal brains
33	PL	PL.O.A2	W9	M2	Philosophy of mind argument
34	MD	MD.O.A2	W6	M3	Neuroanatomical correlate of disorder
35	EV	EV.O.A3	W5	M6	Impact of warming on reef
36	EA	EA.O.A4	W4	M3	Ocean state measured
37	HI	HI.O.A2	W4	M3	Dated human past via radiocarbon
38	PH	PH.O.A1	W4	M3	Nuclear decay constant measured
39	CS	CS.O.A2	W9	M2	Complexity class status
40	CS	CS.O.A1	W1	M7	Correctness guarantee of schema
41	EN	EN.O.A5	W12	M7	Design life set by standard
42	DE	DE.O.A1	W9	M6	Design arrangement serving use
43	AR	AR.O.A1	W4	M3	Pigment analysis of medium
44	AR	AR.O.A4	W7	M6	Reception and sale history
45	AR	AR.O.A3	W8	M6	Interpretation of image meaning
46	PL	PL.O.A1	W8	M6	Interpretation of philosopher's argument
47	PL	PL.O.A1	W9	M2	Normative argument against cosmological proof
48	IK	IK.O.A4	W7	M6	Whakapapa record transmission
49	EV	EV.O.A4	W3	M4	Management response effect on biodiversity
50	IS	IS.O.A3	W12	M1	Classification arrangement convention
