id	claim	owner	cell	warrant	method	stratum
1	Every bounded sequence of real numbers has a convergent subsequence.	MA	MA.O.A4	W1	M2	core
2	The measured electron magnetic moment agrees with quantum electrodynamics to better than one part in a trillion.	PH	PH.O.A2	W4	M3	core
3	The rate constant of this ester hydrolysis doubles for every 10 °C rise between 20 and 50 °C.	CH	CH.O.A4	W3	M4	core
4	Mitochondria in eukaryotic cells descend from an engulfed alphaproteobacterium.	BI	BI.O.A4	W6	M6	core
5	The Alpine Fault has ruptured in large earthquakes roughly every 300 years over the last 8,000 years.	EA	EA.O.A3	W7	M6	core
6	In adults with heart failure with reduced ejection fraction, dapagliflozin reduced cardiovascular death or worsening heart failure compared with placebo.	MD	MD.O.A4	W3	M4	core
7	The bridge deck's mid-span deflection under the design truck load stays below span/800.	EN	EN.O.A1	W11	M7	core
8	Quicksort runs in O(n log n) expected time on any input when pivots are chosen uniformly at random.	CS	CS.O.A2	W1	M2	core
9	Retrieval practice improves delayed recall of word lists compared with restudy, in laboratory participants.	MS	MS.O.A1	W3	M4	core
10	A 10% rise in the minimum wage reduced teen employment by less than 1% in the studied US counties.	EC	EC.O.A2	W5	M3	core
11	Under IFRS 16, a lessee recognises a right-of-use asset and a lease liability for most leases.	BU	BU.O.A1	W12	M1	core
12	A credible threat to retaliate deters attack only if the defender's commitment is visible to the challenger.	ST	ST.O.A3	W9	M2	core
13	Countries using proportional representation have more parties in parliament on average than countries using single-member plurality.	PO	PO.O.A2	W6	M6	core
14	Under the Contract and Commercial Law Act 2017, a contract induced by a misrepresentation may be cancelled by the misled party.	LA	LA.O.A3	W10	M2	core
15	Knowledge is not simply justified true belief, because Gettier cases satisfy all three conditions without knowledge.	PL	PL.O.A2	W9	M2	core
16	Te Tiriti o Waitangi was first signed at Waitangi on 6 February 1840.	HI	HI.O.A1	W7	M3	core
17	Te reo Māori has a five-vowel system with contrastive vowel length.	LN	LN.O.A1	W4	M3	core
18	The sonnet's volta in Petrarchan form falls between the octave and the sestet.	AR	AR.O.A2	W8	M1	core
19	The Mishnah was redacted around 200 CE under Judah ha-Nasi, according to scholarly reconstruction.	RE	RE.O.A2	W7	M6	core
20	Students taught fractions with number-line representations outperformed those taught with area models on a delayed transfer test.	ED	ED.O.A3	W3	M4	core
21	Post-occupancy surveys show residents of the redesigned housing block report fewer overheating complaints.	DE	DE.O.A3	W4	M3	core
22	Nitrogen fertiliser above 150 kg/ha gave no further ryegrass yield gain in the Waikato trials.	AG	AG.O.A2	W3	M4	core
23	Dairy intensification increased nitrate concentrations in Canterbury groundwater between 1990 and 2020.	EV	EV.O.A2	W5	M3	core
24	Recall on the TREC test collection fell when queries were restricted to title words.	IS	IS.O.A4	W4	M3	core
25	Kaitiakitanga obliges mana whenua to guard the mauri of a river for future generations.	IK	IK.O.A2	W13	M1	ik
26	The equilibrium existence theorem for an exchange economy relies on Brouwer's fixed-point theorem.	MA	MA.O.A3	W1	M2	border
27	A carbon tax of $50 per tonne would be borne mostly by consumers of electricity in the modelled market.	EC	EC.O.A2	W2	M5	border
28	The importer must pay GST on goods at the border under the Goods and Services Tax Act 1985.	LA	LA.O.A2	W10	M2	border
29	The firm's GST return for March shows output tax of $42,000 and input tax credits of $31,000.	BU	BU.O.A5	W12	M1	border
30	By staying silent on price cuts, the incumbent turned a pricing game into a war of attrition its rival could not afford.	ST	ST.O.A2	W6	M6	border
31	Medical students who practised diagnosis with spaced cases retained more after a year than those taught in blocks.	ED	ED.O.A3	W3	M4	border
32	Spacing repetitions over time strengthens long-term memory consolidation in mice.	MS	MS.O.A2	W3	M4	border
33	The hard problem of consciousness cannot be dissolved by functional explanation alone.	PL	PL.O.A2	W9	M2	border
34	Patients with major depressive disorder show reduced hippocampal volume on average.	MD	MD.O.A2	W4	M3	border
35	Bleaching of Great Barrier Reef corals in 2016 followed marine heatwaves linked to anthropogenic warming.	EV	EV.O.A3	W5	M3	border
36	Ocean heat content rose between 1960 and 2020 according to Argo and ship measurements.	EA	EA.O.A4	W4	M3	border
37	Radiocarbon dates place the first Polynesian settlement of Aotearoa around 1250–1300 CE.	HI	HI.O.A2	W4	M3	border
38	The ¹⁴C half-life is 5,730 ± 40 years.	PH	PH.O.A5	W4	M3	border
39	The P vs NP question is open.	MA	MA.O.A1	W1	M2	border
40	This database schema guarantees serialisable transactions under the stated isolation level.	CS	CS.O.A3	W1	M2	border
41	The bridge's design life is 100 years under the NZ Transport Agency bridge manual.	EN	EN.O.A5	W12	M1	border
42	The building's atrium makes the entrance legible to first-time visitors.	DE	DE.O.A2	W9	M2	border
43	Hokusai's Great Wave uses Prussian blue pigment.	CH	CH.O.A1	W4	M3	border
44	Hokusai's Great Wave was sold in large numbers in Edo print shops in the 1830s.	HI	HI.O.A1	W7	M3	border
45	Hokusai's Great Wave reframes Mount Fuji as small and stable against the threatening sea.	AR	AR.O.A3	W8	M6	border
46	Aquinas argues that God's existence can be shown from motion in the world.	RE	RE.O.A1	W8	M6	border
47	The cosmological argument fails because an infinite regress of causes is not incoherent.	PL	PL.O.A1	W9	M2	border
48	Whakapapa recorded in a 1890s Native Land Court minute book names the founding ancestor of the hapū.	HI	HI.O.A1	W7	M3	ik
49	Possum control with aerial 1080 increased kererū nesting success in the treated forests.	EV	EV.O.A4	W3	M4	border
50	The Dewey Decimal Classification files mathematics under 510.	IS	IS.O.A3	W12	M1	border
